core_path,classification,proposed_license,origin_path,origin_sha256,core_sha256,text_similarity
.github/workflows/ci.yml,release-metadata,mixed; see REUSE.toml,,,fd27edb520b579d567602572e6082db6aea08d4374c0ffd7fd1e1fe3142c51d4,0.000000
.gitignore,release-metadata,mixed; see REUSE.toml,,,a2acd383b89970500b12c418a4fde6f3de990fc6fcf76a603c269c0cae5f3ed8,0.000000
AUTHORS.md,documentation,CC-BY-NC-SA-4.0,,,49075f8b38e6c80a94742a118981cae74064819748414cbe5fc8f0028673d50c,0.000000
COMMERCIAL_LICENSING.md,documentation,CC-BY-NC-SA-4.0,,,8e316f2373b13c99394e9c52e5128cc44680d3983a8aa549bb4f2e60d08db7a0,0.000000
LICENSE,license-text,license-specific,,,ef9e9b0be2e63fd2a74278a46304e35a3af129ba2e99748c64e750d84ff9d8ca,0.000000
LICENSES/Apache-2.0.txt,license-text,license-specific,,,cfc7749b96f63bd31c3c42b5c471bf756814053e847c10f3eb003417bc523d30,0.000000
LICENSES/CC-BY-NC-SA-4.0.txt,license-text,license-specific,,,e66c269d4819aaab34b49ef5220c4ddab6756f21bb5180761a4eb8561f2b7bbd,0.000000
LICENSES/PolyForm-Noncommercial-1.0.0.txt,license-text,license-specific,,,ffcca38841adb694b6f380647e15f17c446a4d1656fed51a1e2041d064c94cc8,0.000000
LICENSING.md,documentation,CC-BY-NC-SA-4.0,,,8585e2bd8e67462c4e743b46925481f660ec441c41dabd6d2346a44a5b632573,0.000000
PROTOCOL.md,neutral-protocol,Apache-2.0,release-planning/PROTOCOL_V1.md,5fa3b1cbcfc61b0cecf0c700467fe3ca781aad524379b1edd3b1e22399a32780,5fa3b1cbcfc61b0cecf0c700467fe3ca781aad524379b1edd3b1e22399a32780,1.000000
README.md,documentation,CC-BY-NC-SA-4.0,,,af8a6eda6993b0d06b8bc538800ced0bd286a4a9b1a518107cead6760a9517bc,0.000000
REUSE.toml,release-metadata,mixed; see REUSE.toml,,,3ea9ab198554b7e9a03a0f5b6510403208bfb311b196d442689abccda668e727,0.000000
VALIDATION.md,documentation,CC-BY-NC-SA-4.0,,,8f71190f44a20d1a2c95304d8d4ecf9b5d98f35c5dc5fac45250c9ae151f4170,0.000000
examples/protocol/README.md,documentation,CC-BY-NC-SA-4.0,,,274dd8b3d978e07e8d1c53ee0e6185156d51687a00a938d78ac8dde725ec879b,0.000000
examples/protocol/v1/focus-surface.request.json,neutral-protocol,Apache-2.0,,,0c15d54e25b7a224b822466f57eac7a4df79c6f2b8f27301bb65462b1dbe6b95,0.000000
examples/protocol/v1/focus-surface.response.json,neutral-protocol,Apache-2.0,,,7be998fa72590c00c938e42b68819c7c892480df885959cd1f9015eb67952098,0.000000
examples/protocol/v1/planning-route.request.json,neutral-protocol,Apache-2.0,,,8fba4e6e2771ccc3d9ccc4fa418002a36ca57b693a33fc61f61988deeee11833,0.000000
examples/protocol/v1/planning-route.response.json,neutral-protocol,Apache-2.0,,,5a853525f5a85b119f3d7fa57a3858514ad825f1f82a20c3dfc4714a5de32783,0.000000
pyproject.toml,release-metadata,mixed; see REUSE.toml,,,21cbffe93096b3228e141562ded30abcf0cdcaade88f9a5c23dc281e68a35e02,0.000000
setup.py,release-metadata,mixed; see REUSE.toml,,,003599b0aaf30ee5be3f110887c9cdba2da534f611dd877f5d6274c64f00ceaf,0.000000
src/fast_ofm_core/__init__.py,new-independent,PolyForm-Noncommercial-1.0.0 candidate,,,34ed2b8b92c7195a19b9099e7c031554465474dc87c6b078107afb764a0763be,0.000000
src/fast_ofm_core/__main__.py,new-independent,PolyForm-Noncommercial-1.0.0 candidate,,,54f96fb05655e5af24cef6ec5e039335cdd8a17f19470e9b4bce55035803aef2,0.000000
src/fast_ofm_core/artifacts.py,new-independent,PolyForm-Noncommercial-1.0.0 candidate,,,fdb3905e1d3d0e71d4fbf6d7e5edb8498f7d373f0f78f70b329631b96d7970d8,0.000000
src/fast_ofm_core/cli.py,new-independent,PolyForm-Noncommercial-1.0.0 candidate,,,d9aef81313b2b022f55c2c6e63e9913d297c69534a6f6d0baec30739c822c6b8,0.000000
src/fast_ofm_core/contracts.py,candidate-extracted,PolyForm-Noncommercial-1.0.0 candidate,engineering-source/src/openflexure_microscope_server/fast_ofm_contracts.py,78af5cc855d449b213a71c6e7c644969babc32e8299cb22c2061af72521a9712,36094d6be6a53d6c10d243cc02b59e0d5c0900141498a3c934a50f7e15b78157,0.986395
src/fast_ofm_core/focus/__init__.py,candidate-extracted,PolyForm-Noncommercial-1.0.0 candidate,engineering-source/src/openflexure_microscope_server/focus/__init__.py,8b3e8ca9282905c172a974feb6198e7f5c19e87719bddf581ed82bb240f43451,e3b0c44298fc1c149afbf4c8996fb92427ae41e4649b934ca495991b7852b855,0.000000
src/fast_ofm_core/focus/focus_approach.py,candidate-extracted,PolyForm-Noncommercial-1.0.0 candidate,engineering-source/src/openflexure_microscope_server/focus/focus_approach.py,3f7fceb127ad662c41b85fc507d55fee671fcb3e5b1a8659334d5ae51885e2de,ab703d5119cddc787a3df54ef614a058f83f3b41bf627cc3c17f17dbe58f6deb,0.934197
src/fast_ofm_core/focus/focus_surface.py,candidate-extracted,PolyForm-Noncommercial-1.0.0 candidate,engineering-source/src/openflexure_microscope_server/focus/focus_surface.py,4d139f42a87cd24ed13e900f2e6618402337c0f06ada42e16d291d0ca8f9e92e,9b74eee3d37867f54f608fededa5a078ecac65fbae0b3387485f0a255f2bf590,0.943653
src/fast_ofm_core/focus/rg/__init__.py,candidate-extracted,PolyForm-Noncommercial-1.0.0 candidate,engineering-source/src/openflexure_microscope_server/focus/rg/__init__.py,3f22c238cb4cf4bd6619f8a03e31b9c57cb5b77a72d41368049bfe39f352785f,3f22c238cb4cf4bd6619f8a03e31b9c57cb5b77a72d41368049bfe39f352785f,1.000000
src/fast_ofm_core/focus/rg/_rg_nmi.cpp,candidate-extracted,PolyForm-Noncommercial-1.0.0 candidate,engineering-source/src/openflexure_microscope_server/focus/rg/_rg_nmi.cpp,c67a4a335dbad951d915c97217cb2d485596dfa6aa66cf9d9f2a3cf9a590961d,c67a4a335dbad951d915c97217cb2d485596dfa6aa66cf9d9f2a3cf9a590961d,1.000000
src/fast_ofm_core/focus/rg/_rg_nmi.pyi,candidate-extracted,PolyForm-Noncommercial-1.0.0 candidate,engineering-source/src/openflexure_microscope_server/focus/rg/_rg_nmi.pyi,ff904ece2a84acd4ff2d8dfb4c5018a9f2ed66a0d8f9c4760b465e425af318f6,ff904ece2a84acd4ff2d8dfb4c5018a9f2ed66a0d8f9c4760b465e425af318f6,1.000000
src/fast_ofm_core/focus/rg/calibration_service.py,new-independent,PolyForm-Noncommercial-1.0.0 candidate,,,6ca34ed4774f29451980c40193aaf89af7caa9ab4eea4dccfde82d3d9938e4c2,0.000000
src/fast_ofm_core/focus/rg/decision_service.py,new-independent,PolyForm-Noncommercial-1.0.0 candidate,,,a056ad6f715baf452e61182d6d070c05df51d1f71bdeccf18baedd41a644d0da,0.000000
src/fast_ofm_core/focus/rg/flat_field_service.py,new-independent,PolyForm-Noncommercial-1.0.0 candidate,,,b2524fdb7dab5c756238ce1292899b8f7667d91f19bb12036366ca1a80e883cd,0.000000
src/fast_ofm_core/focus/rg/rg_flat_field.py,candidate-extracted,PolyForm-Noncommercial-1.0.0 candidate,engineering-source/src/openflexure_microscope_server/focus/rg/rg_flat_field.py,8c603318858b874452d55ef7add4ff706b86961e34196137342471e92c3ee597,89d6c4c48bccbfaa63817d36e704f5f50ee6a427f3b848694b5a8c8af3d112b6,0.928349
src/fast_ofm_core/focus/rg/rg_focus_calibration.py,candidate-extracted,PolyForm-Noncommercial-1.0.0 candidate,engineering-source/src/openflexure_microscope_server/focus/rg/rg_focus_calibration.py,8e8c3935d0b25510f15e21af0f500bc27032aa4e05e19aeced31e33d4c87cb34,d46dca589c772c1eb9b904cb57e9d1675a1c7e43e6091bc0b077120381d18d2b,0.896552
src/fast_ofm_core/focus/rg/rg_focus_control.py,candidate-extracted,PolyForm-Noncommercial-1.0.0 candidate,engineering-source/src/openflexure_microscope_server/focus/rg/rg_focus_control.py,33ad4880dc4639ea0eb3709ff91179e47603206c26e9b797c5f16f8cc8cb141e,54888b29ac483384a125e090403afdd72f081b475dc39765ef2e462d73d624b2,0.935484
src/fast_ofm_core/focus/rg/rg_focus_core.py,candidate-extracted,PolyForm-Noncommercial-1.0.0 candidate,engineering-source/src/openflexure_microscope_server/focus/rg/rg_focus_core.py,5b3a3c215aacf9fd6ff1d2e40d56f065d81f0b988331188b4f1a1d6bdadf85b9,ad3eec80eb746ac654cb99250b3c79f5351e22147708207a67b6954b5f3311c4,0.946224
src/fast_ofm_core/focus/rg/rg_focus_estimator.py,candidate-extracted,PolyForm-Noncommercial-1.0.0 candidate,engineering-source/src/openflexure_microscope_server/focus/rg/rg_focus_estimator.py,369aebb9e171f5774e446100e181a53899b3b6af2017a83ef5717ebc534968ff,af8d19dae9eb1f92e1583ce295768c15c5cda6807515ae59cec334b36c4d5ef4,0.970822
src/fast_ofm_core/focus/rg/rg_focus_field.py,candidate-extracted,PolyForm-Noncommercial-1.0.0 candidate,engineering-source/src/openflexure_microscope_server/focus/rg/rg_focus_field.py,db053924f41796a52ec3aee0ee589345038a96c54dec52c3b2ed1968bd153005,cb1f57de6c1784c36200828a721558e155f6ef57c3ad02c723c0f8fe704bea91,0.937743
src/fast_ofm_core/focus/rg/rg_focus_model.py,candidate-extracted,PolyForm-Noncommercial-1.0.0 candidate,engineering-source/src/openflexure_microscope_server/focus/rg/rg_focus_model.py,0c57f3615bb628cfd3c31e52cc5fa119b403391b3847b78cf5a7e515084d469d,461897bf69371f3c66da35b57d62ac2c27825b0b708ccde41b3f12e4434fae3b,0.912595
src/fast_ofm_core/focus/rg/rg_service.py,new-independent,PolyForm-Noncommercial-1.0.0 candidate,,,f3a9627b2ba6834e0fe6343527ab45dd35d47410eaa8cca1a1d9669a96a0c372,0.000000
src/fast_ofm_core/focus/rg/rg_simultaneous.py,candidate-extracted,PolyForm-Noncommercial-1.0.0 candidate,engineering-source/src/openflexure_microscope_server/focus/rg/rg_simultaneous.py,39c200a191fd5859a77014975e73ceb574fe5bf532127324365a9bb919d63a43,3810525cc3097af0c207e77266e1d1a81f0ad660431e169c796d6ec0d9723e18,0.938807
src/fast_ofm_core/focus/rg/simultaneous_service.py,new-independent,PolyForm-Noncommercial-1.0.0 candidate,,,c4a3d7af62ce833d2dc2923e0843ac60c1c084cabf2fcce02ba06c057863166e,0.000000
src/fast_ofm_core/focus/rg/tissue_field_service.py,new-independent,PolyForm-Noncommercial-1.0.0 candidate,,,e4f522e10d86e95670e6cd2fb8ef21cfbddb7e0310d5c2834471386a24f08d3c,0.000000
src/fast_ofm_core/focus/sparse_focus.py,candidate-extracted,PolyForm-Noncommercial-1.0.0 candidate,engineering-source/src/openflexure_microscope_server/focus/sparse_focus.py,0359d0d33b9371b414c5f447350dc1c4137c436ce80b53741498f79339f4c0bf,fb8294a75392542894d700d32475dc47125d089e4b7576f1123bf1e36fd5022d,0.947834
src/fast_ofm_core/focus/surface_service.py,new-independent,PolyForm-Noncommercial-1.0.0 candidate,,,c7706fc94dc47e06d2104985d884d8871ad3799f330425b3c10d504ea9046b0f,0.000000
src/fast_ofm_core/focus/z_backlash.py,candidate-extracted,PolyForm-Noncommercial-1.0.0 candidate,engineering-source/src/openflexure_microscope_server/focus/z_backlash.py,63342ad04071f26f5830999e2bd200bf18e4f070bb4ebb0be33c14c6d7268d2d,dfc805698427a301eb7ce764cfc4e5fe58ffe194007225717d2a515da7a24cbe,0.980645
src/fast_ofm_core/focus/z_backlash_calibration.py,candidate-extracted,PolyForm-Noncommercial-1.0.0 candidate,engineering-source/src/openflexure_microscope_server/focus/z_backlash_calibration.py,a89ea77ffc34d584a9b79208823e5203de54eeec7f9e7d10e47dabf194ad26f7,4872c93622329b5f9c4b1bb07d2ccbffb94d4189c4850314d31a546904b02a0f,0.971751
src/fast_ofm_core/planning/__init__.py,new-independent,PolyForm-Noncommercial-1.0.0 candidate,,,0af33c34569b4657316fc6e280f8e2801c4ffd149825f8c62cbc56f730dc10cf,0.000000
src/fast_ofm_core/planning/route.py,new-independent,PolyForm-Noncommercial-1.0.0 candidate,,,deed052d1552b57e0a13afa99faf277d2bd840fda93d20a8f3b79a3d190901ca,0.000000
src/fast_ofm_core/protocol/v1/calibration-fit.schema.json,neutral-protocol,Apache-2.0,release-planning/protocol/v1/calibration-fit.schema.json,c46ccf58b97d45915aca6291be50779abfc0b46ed7ea643ebda948adebd25ed6,c46ccf58b97d45915aca6291be50779abfc0b46ed7ea643ebda948adebd25ed6,1.000000
src/fast_ofm_core/protocol/v1/capabilities.schema.json,neutral-protocol,Apache-2.0,release-planning/protocol/v1/capabilities.schema.json,1cbc2ceb5bbe0f4e1f3fc13ad2a33ec50a8bf4526a10ad7e2ce3f852b9b783f7,1cbc2ceb5bbe0f4e1f3fc13ad2a33ec50a8bf4526a10ad7e2ce3f852b9b783f7,1.000000
src/fast_ofm_core/protocol/v1/common.schema.json,neutral-protocol,Apache-2.0,release-planning/protocol/v1/common.schema.json,a68b83a4db3de1a77bf039ac8109d0f141a25eb0c3b2944cbc2645abf0ad34a9,a68b83a4db3de1a77bf039ac8109d0f141a25eb0c3b2944cbc2645abf0ad34a9,1.000000
src/fast_ofm_core/protocol/v1/focus-surface-exact.schema.json,neutral-protocol,Apache-2.0,release-planning/protocol/v1/focus-surface-exact.schema.json,f5b4d0124d29026fc09abe6d7fda41ebb2a4abcb77a1e70443a9be51e35b1127,f5b4d0124d29026fc09abe6d7fda41ebb2a4abcb77a1e70443a9be51e35b1127,1.000000
src/fast_ofm_core/protocol/v1/focus-surface.schema.json,neutral-protocol,Apache-2.0,release-planning/protocol/v1/focus-surface.schema.json,aafd4feb5beaa9b7b57d1a1ad4ffc120a230f981d205bfc0484f326e6c6fcc88,aafd4feb5beaa9b7b57d1a1ad4ffc120a230f981d205bfc0484f326e6c6fcc88,1.000000
src/fast_ofm_core/protocol/v1/request.schema.json,neutral-protocol,Apache-2.0,release-planning/protocol/v1/request.schema.json,5ea8e1f832e76de3c0022282965da54fa0dd0b510ea141c17009c2f56d3684b6,5ea8e1f832e76de3c0022282965da54fa0dd0b510ea141c17009c2f56d3684b6,1.000000
src/fast_ofm_core/protocol/v1/response.schema.json,neutral-protocol,Apache-2.0,release-planning/protocol/v1/response.schema.json,d44479913e5601efae3e2b7cc58a640acda9bd532e854f9ec35c26db57ccf96c,d44479913e5601efae3e2b7cc58a640acda9bd532e854f9ec35c26db57ccf96c,1.000000
src/fast_ofm_core/protocol/v1/rg-decision.schema.json,neutral-protocol,Apache-2.0,release-planning/protocol/v1/rg-decision.schema.json,79a94cd04b61905224cf0706b3a3784fd344b283494b331ab8a9893901101a9f,79a94cd04b61905224cf0706b3a3784fd344b283494b331ab8a9893901101a9f,1.000000
src/fast_ofm_core/protocol/v1/rg-measure.schema.json,neutral-protocol,Apache-2.0,release-planning/protocol/v1/rg-measure.schema.json,19e5f3dba58e6d59499f403d4301c1214666301a3ba65f08da279a7584714eb6,19e5f3dba58e6d59499f403d4301c1214666301a3ba65f08da279a7584714eb6,1.000000
src/fast_ofm_core/protocol/v1/rg-simultaneous.schema.json,neutral-protocol,Apache-2.0,release-planning/protocol/v1/rg-simultaneous.schema.json,f47fb27e4ab07c303a34d9dca167ffddde0b9ea0ff47150d31d834bd993c5775,f47fb27e4ab07c303a34d9dca167ffddde0b9ea0ff47150d31d834bd993c5775,1.000000
src/fast_ofm_core/protocol/v1/rg-tissue-field.schema.json,neutral-protocol,Apache-2.0,release-planning/protocol/v1/rg-tissue-field.schema.json,cae05dc6b4780e54c92ad65c0fbffc58dca8767c6ce430bbd6e92e103d52b7c4,cae05dc6b4780e54c92ad65c0fbffc58dca8767c6ce430bbd6e92e103d52b7c4,1.000000
src/fast_ofm_core/protocol/v1/route-plan.schema.json,neutral-protocol,Apache-2.0,release-planning/protocol/v1/route-plan.schema.json,b9e6cb598e70becb9a5819c5aab7f28b98f4e86ddc341860a75b5e1eb9af789f,b9e6cb598e70becb9a5819c5aab7f28b98f4e86ddc341860a75b5e1eb9af789f,1.000000
src/fast_ofm_core/protocol/v1/stitch-manifest.schema.json,neutral-protocol,Apache-2.0,release-planning/protocol/v1/stitch-manifest.schema.json,93812c3fe5bdbbf3cfa7f8ec48dbf2a149d9a803f2734f0e55a4d2f6493384c9,93812c3fe5bdbbf3cfa7f8ec48dbf2a149d9a803f2734f0e55a4d2f6493384c9,1.000000
src/fast_ofm_core/protocol/v1/stitching-run.schema.json,neutral-protocol,Apache-2.0,release-planning/protocol/v1/stitching-run.schema.json,58172e16a65a16285aad5327057848deac586db7e6d187142087bbebe7a48d7b,58172e16a65a16285aad5327057848deac586db7e6d187142087bbebe7a48d7b,1.000000
src/fast_ofm_core/service.py,new-independent,PolyForm-Noncommercial-1.0.0 candidate,,,695a1703336224b74d0584f306ebfc43be765a5f9bb050edbc5afb5d9d1cabac,0.000000
src/fast_ofm_core/stitching/__init__.py,new-independent,PolyForm-Noncommercial-1.0.0 candidate,,,92eb0fddca129d7c35286e24d0b8af4b28e55f0ac8206d82cf1256fc3b574635,0.000000
src/fast_ofm_core/stitching/service.py,new-independent,PolyForm-Noncommercial-1.0.0 candidate,,,0b0420a3ba6a0cb1c0e11af1b7e8d167e08d11d465e17500f67aa2d0b57fc987,0.000000
tests/test_architecture.py,new-independent,PolyForm-Noncommercial-1.0.0 candidate,,,98420abda6306b71cdbf7788fb519baf1df05425507fec6ec64a94fd9454f797,0.000000
tests/test_calibration_service.py,new-independent,PolyForm-Noncommercial-1.0.0 candidate,,,f32060de0589b2ab48a33253bf6f1bf361a22241e093b72e9e25eb21313569a1,0.000000
tests/test_cli.py,new-independent,PolyForm-Noncommercial-1.0.0 candidate,,,e65719031a351d2611ad5814913fd216eb38cdfe8f1be523d6be4ca873e9f98f,0.000000
tests/test_decision_service.py,new-independent,PolyForm-Noncommercial-1.0.0 candidate,,,c47a06f3d2a973c6895ba45f70a1afa9526bc77fa1185fff440cb0d2821088ae,0.000000
tests/test_fast_ofm_contracts.py,candidate-extracted,PolyForm-Noncommercial-1.0.0 candidate,engineering-source/tests/unit_tests/test_fast_ofm_contracts.py,a0598f203ee2acc59f9f0adc600d520fe969dda2187b5d8488dbdda78a545800,357be6f9436eaa941131a62028034f2a0188396320243b92a34211ee705ac503,0.987805
tests/test_flat_field_service.py,new-independent,PolyForm-Noncommercial-1.0.0 candidate,,,10c2f6a4e3bc79d4ac6f96ba9ef17b1d05717241bbd4f643566ff41eeb234a30,0.000000
tests/test_focus_surface.py,candidate-extracted,PolyForm-Noncommercial-1.0.0 candidate,engineering-source/tests/unit_tests/test_focus_surface.py,7ebc2d2fb51963b72d5c4931cda80adc5b577db8e7c39473982b0aa8332d0226,e776c5989e26fd30851e35a556db7c067ffffc1e8c50670536d2065a21b62b80,0.974202
tests/test_protocol_examples.py,new-independent,PolyForm-Noncommercial-1.0.0 candidate,,,58a31ebada31819e806e70e823f189b81408cee43484f87c4c4193f5d8bb6a6a,0.000000
tests/test_protocol_schemas.py,new-independent,PolyForm-Noncommercial-1.0.0 candidate,,,d20142309f3ee45af1466cf645a61fd6d2f2c407a6b49377aea7185f92b6fa25,0.000000
tests/test_rg_focus_calibration.py,candidate-extracted,PolyForm-Noncommercial-1.0.0 candidate,engineering-source/tests/unit_tests/test_rg_focus_calibration.py,73db71f214b041eed265d6897d66d35aa6657c6563a7e3e79288283db80024d9,13832acb2a1626ec3e4f998fd38b4108f69b91c3ef7ca3f0c3d72b14721073df,0.960938
tests/test_rg_focus_control.py,candidate-extracted,PolyForm-Noncommercial-1.0.0 candidate,engineering-source/tests/unit_tests/test_rg_focus_control.py,a132106f222c7c3b3ad01ab4c59d720579046850be981b3cb437e06637ce567f,642f5b419c953716ce9aa9c3033049e4e9eafe860d646861d6789ef6eb553144,0.946143
tests/test_rg_focus_core.py,candidate-extracted,PolyForm-Noncommercial-1.0.0 candidate,engineering-source/tests/unit_tests/test_rg_focus_core.py,d9811bf58256bac7d149c38a707dd9d516a8ca7a8f20eb64db94628541be10e1,1c9a1606fece54ff1ef88f103cea0c8987c3315597903407c2a4e5cd756b6082,0.969634
tests/test_rg_focus_estimator.py,candidate-extracted,PolyForm-Noncommercial-1.0.0 candidate,engineering-source/tests/unit_tests/test_rg_focus_estimator.py,7265a5d570603b3c00d4f8d769f60a4a25a309b2b22396f42dae29d42ff77ec0,f7c98ec3e150afc06d4cf30265e2879a03dd7b307c7ba0a4f9e76a7fd5cc7cdf,0.961735
tests/test_rg_focus_field.py,candidate-extracted,PolyForm-Noncommercial-1.0.0 candidate,engineering-source/tests/unit_tests/test_rg_focus_field.py,3537c873c53eef291ae319acc1d3e0c205b343cfac70afe98ed51abc743650dc,197c0425ba999a3b6a901a627b3b559f0b7cb3854e2f178950d0541c937d1120,0.992754
tests/test_rg_focus_model.py,candidate-extracted,PolyForm-Noncommercial-1.0.0 candidate,engineering-source/tests/unit_tests/test_rg_focus_model.py,3f7fa183388e8179a0865b22dd386dc6bb730c52abe80d7165ed9bbaa8c4e23e,bb93dd4a81b58f15b0633a4fd20a2a10dfa93370c3a3485ecf51c65e9980050a,0.971379
tests/test_rg_nmi.py,candidate-extracted,PolyForm-Noncommercial-1.0.0 candidate,engineering-source/tests/unit_tests/test_rg_nmi.py,8370808981b133ced8820afcb636bb0839b65c3572e25d24549bee9f26ae8416,8862ca6e05ef453b8aa86bd83d22d9d4c2a64aabf06f7da0e2260cf6642f4878,0.945607
tests/test_rg_service.py,new-independent,PolyForm-Noncommercial-1.0.0 candidate,,,97bae3a12991c30f2b33c3e8d60b6c08ef0745bdaa810a6a828c37ed922e32a0,0.000000
tests/test_rg_simultaneous.py,candidate-extracted,PolyForm-Noncommercial-1.0.0 candidate,engineering-source/tests/unit_tests/test_rg_simultaneous.py,63ff7ba3d74d360e516b10737d54e1989b8dc3525d1ec1898fd1d2ff83babbd4,129e6b1519a8062ebba31f518cb4f2afd43b2547d8c1c64f3f9a0ef1ad890db0,0.930540
tests/test_route_planning.py,new-independent,PolyForm-Noncommercial-1.0.0 candidate,,,b8ed13ad12f08130fbf6fd67fda6bdb11e2d0e3e96abd3d5c72f991430b56a40,0.000000
tests/test_service.py,new-independent,PolyForm-Noncommercial-1.0.0 candidate,,,744f17b2cb83a6c1659b10dd6bdd7ba669dd14b1b03d75159c73f310f9d25564,0.000000
tests/test_simultaneous_service.py,new-independent,PolyForm-Noncommercial-1.0.0 candidate,,,6af3d1e525be2dfa70f2fc285c8ef476e8f1d3171e07ff45dd8f3871dc54ae17,0.000000
tests/test_sparse_focus.py,candidate-extracted,PolyForm-Noncommercial-1.0.0 candidate,engineering-source/tests/unit_tests/test_sparse_focus.py,a8403051939aca0509664b1c66e68e7555f5393d86bd1f1f5689db146a5b253c,e82f3b0b408eecfedf5d05f89bfffcb15c08f2a46ae9d0d506b1ea88478e0fc0,0.975359
tests/test_stitching_service.py,new-independent,PolyForm-Noncommercial-1.0.0 candidate,,,d742a4e455d4ee2776b35d33c3980092688b7e32fd7c8de868bc6bc47a724ebe,0.000000
tests/test_surface_service.py,new-independent,PolyForm-Noncommercial-1.0.0 candidate,,,2043fc69d9424d89920ca1b7b07d179e235770e36a26bb71799d996fe1d55077,0.000000
tests/test_tissue_field_service.py,new-independent,PolyForm-Noncommercial-1.0.0 candidate,,,d50b46b6f4f86dee65480fe65a279511a2604b7eba6557b478c44e5237b6b35e,0.000000
tests/test_z_backlash.py,candidate-extracted,PolyForm-Noncommercial-1.0.0 candidate,engineering-source/tests/unit_tests/test_z_backlash.py,eccebfdc76f076233ce60233a0c82530282d5dc15272437ec4b6f70dc45afb57,573c031f699a2bcbd2242334f1af1c69dfb7a7e5a984124c4c3e77eb9f751498,0.944681
tools/build_exact_focus_schema.py,release-metadata,mixed; see REUSE.toml,,,a550d39e56b8612d48e603aaf24ba56e7d4ab5f2418338ad0f626e0064deb046,0.000000
validation/Dockerfile.arm64,release-metadata,mixed; see REUSE.toml,,,15dd4e3c25578f949e454c074ab6a17449d43fe511d9b0324814fd1c7ef3092c,0.000000
validation/README.md,documentation,CC-BY-NC-SA-4.0,,,128e771c687b1aaf20b8a21ff7d2656c3327ef1a6da4868b6d00d562eb1c4a0e,0.000000
